{
  "content": [
    {
      "path": "Business.json",
      "size": 122,
      "date": 132398945780000000
    },
    {
      "path": "ContentInfo/arena/Thumbnail.jpg",
      "size": 13520,
      "date": 132398945780000000
    },
    {
      "path": "manifest.json",
      "size": 287,
      "date": 132439773829028296
    },
    {
      "path": "scenery/global/scenery/modelLib.BGL",
      "size": 6242072,
      "date": 132439770580059348
    },
    {
      "path": "scenery/global/scenery/TEXTURE/VELTINSARENA-00000-TEXTURE.PNG.DDS",
      "size": 349672,
      "date": 132439770566655820
    },
    {
      "path": "scenery/global/scenery/TEXTURE/VELTINSARENA-00000-TEXTURE.PNG.DDS.json",
      "size": 102,
      "date": 132439770566635832
    },
    {
      "path": "scenery/global/scenery/TEXTURE/VELTINSARENA-00001-TEXTURE.PNG.DDS",
      "size": 174904,
      "date": 132439770564197233
    },
    {
      "path": "scenery/global/scenery/TEXTURE/VELTINSARENA-00001-TEXTURE.PNG.DDS.json",
      "size": 102,
      "date": 132439770564177243
    },
    {
      "path": "scenery/global/scenery/TEXTURE/VELTINSARENA-00002-TEXTURE.PNG.DDS",
      "size": 87528,
      "date": 132439770561348870
    },
    {
      "path": "scenery/global/scenery/TEXTURE/VELTINSARENA-00002-TEXTURE.PNG.DDS.json",
      "size": 102,
      "date": 132439770561338870
    },
    {
      "path": "scenery/global/scenery/TEXTURE/VELTINSARENA-00003-TEXTURE.PNG.DDS",
      "size": 43832,
      "date": 132439770566895685
    },
    {
      "path": "scenery/global/scenery/TEXTURE/VELTINSARENA-00003-TEXTURE.PNG.DDS.json",
      "size": 102,
      "date": 132439770566885688
    },
    {
      "path": "scenery/global/scenery/TEXTURE/VELTINSARENA-00006-TEXTURE.PNG.DDS",
      "size": 349672,
      "date": 132439770568045027
    },
    {
      "path": "scenery/global/scenery/TEXTURE/VELTINSARENA-00006-TEXTURE.PNG.DDS.json",
      "size": 102,
      "date": 132439770568025035
    },
    {
      "path": "scenery/global/scenery/TEXTURE/VELTINSARENA-00007-TEXTURE.PNG.DDS",
      "size": 87528,
      "date": 132439770562408257
    },
    {
      "path": "scenery/global/scenery/TEXTURE/VELTINSARENA-00007-TEXTURE.PNG.DDS.json",
      "size": 102,
      "date": 132439770562388269
    },
    {
      "path": "scenery/global/scenery/TEXTURE/VELTINSARENA-00008-TEXTURE.PNG.DDS",
      "size": 349672,
      "date": 132439770556491652
    },
    {
      "path": "scenery/global/scenery/TEXTURE/VELTINSARENA-00008-TEXTURE.PNG.DDS.json",
      "size": 102,
      "date": 132439770556421690
    },
    {
      "path": "scenery/global/scenery/TEXTURE/VELTINSARENA-00009-TEXTURE.PNG.DDS",
      "size": 87528,
      "date": 132439770573809081
    },
    {
      "path": "scenery/global/scenery/TEXTURE/VELTINSARENA-00009-TEXTURE.PNG.DDS.json",
      "size": 102,
      "date": 132439770573793963
    },
    {
      "path": "scenery/global/scenery/TEXTURE/VELTINSARENA-00010-TEXTURE.PNG.DDS",
      "size": 43832,
      "date": 132439770576724143
    },
    {
      "path": "scenery/global/scenery/TEXTURE/VELTINSARENA-00010-TEXTURE.PNG.DDS.json",
      "size": 102,
      "date": 132439770576659108
    },
    {
      "path": "scenery/global/scenery/TEXTURE/VELTINSARENA-00011-TEXTURE.PNG.DDS",
      "size": 349672,
      "date": 132439770557700952
    },
    {
      "path": "scenery/global/scenery/TEXTURE/VELTINSARENA-00011-TEXTURE.PNG.DDS.json",
      "size": 102,
      "date": 132439770557630999
    },
    {
      "path": "scenery/global/scenery/TEXTURE/VELTINSARENA-00012-TEXTURE.PNG.DDS",
      "size": 87528,
      "date": 132439770559969654
    },
    {
      "path": "scenery/global/scenery/TEXTURE/VELTINSARENA-00012-TEXTURE.PNG.DDS.json",
      "size": 102,
      "date": 132439770559909698
    },
    {
      "path": "scenery/global/scenery/TEXTURE/VELTINSARENA-00013-TEXTURE.PNG.DDS",
      "size": 43832,
      "date": 132439770569444232
    },
    {
      "path": "scenery/global/scenery/TEXTURE/VELTINSARENA-00013-TEXTURE.PNG.DDS.json",
      "size": 102,
      "date": 132439770569434232
    },
    {
      "path": "scenery/global/scenery/TEXTURE/VELTINSARENA-00014-TEXTURE.PNG.DDS",
      "size": 174904,
      "date": 132439770554922559
    },
    {
      "path": "scenery/global/scenery/TEXTURE/VELTINSARENA-00014-TEXTURE.PNG.DDS.json",
      "size": 102,
      "date": 132439770554902551
    },
    {
      "path": "scenery/global/scenery/TEXTURE/VELTINSARENA-00015-TEXTURE.PNG.DDS",
      "size": 87528,
      "date": 132439770575384091
    },
    {
      "path": "scenery/global/scenery/TEXTURE/VELTINSARENA-00015-TEXTURE.PNG.DDS.json",
      "size": 102,
      "date": 132439770575369054
    },
    {
      "path": "scenery/global/scenery/TEXTURE/VELTINSARENA-00016-TEXTURE.PNG.DDS",
      "size": 87528,
      "date": 132439770572718889
    },
    {
      "path": "scenery/global/scenery/TEXTURE/VELTINSARENA-00016-TEXTURE.PNG.DDS.json",
      "size": 102,
      "date": 132439770572693855
    },
    {
      "path": "scenery/global/scenery/TEXTURE/VELTINSARENA-00017-TEXTURE.PNG.DDS",
      "size": 43832,
      "date": 132439770560389413
    },
    {
      "path": "scenery/global/scenery/TEXTURE/VELTINSARENA-00017-TEXTURE.PNG.DDS.json",
      "size": 102,
      "date": 132439770560379418
    },
    {
      "path": "scenery/global/scenery/TEXTURE/VELTINSARENA-00018-TEXTURE.PNG.DDS",
      "size": 349672,
      "date": 132439770563547601
    },
    {
      "path": "scenery/global/scenery/TEXTURE/VELTINSARENA-00018-TEXTURE.PNG.DDS.json",
      "size": 102,
      "date": 132439770563527615
    },
    {
      "path": "scenery/global/scenery/TEXTURE/VELTINSARENA-00019-TEXTURE.PNG.DDS",
      "size": 43832,
      "date": 132439770565056740
    },
    {
      "path": "scenery/global/scenery/TEXTURE/VELTINSARENA-00019-TEXTURE.PNG.DDS.json",
      "size": 102,
      "date": 132439770565046740
    },
    {
      "path": "scenery/global/scenery/TEXTURE/VELTINSARENA-00020-TEXTURE.PNG.DDS",
      "size": 174904,
      "date": 132439770558440528
    },
    {
      "path": "scenery/global/scenery/TEXTURE/VELTINSARENA-00020-TEXTURE.PNG.DDS.json",
      "size": 102,
      "date": 132439770558420539
    },
    {
      "path": "scenery/global/scenery/TEXTURE/VELTINSARENA-00021-TEXTURE.PNG.DDS",
      "size": 87528,
      "date": 132439770576334120
    },
    {
      "path": "scenery/global/scenery/TEXTURE/VELTINSARENA-00021-TEXTURE.PNG.DDS.json",
      "size": 102,
      "date": 132439770576324122
    },
    {
      "path": "scenery/global/scenery/TEXTURE/VELTINSARENA-00025-TEXTURE.PNG.DDS",
      "size": 87528,
      "date": 132439770555302326
    },
    {
      "path": "scenery/global/scenery/TEXTURE/VELTINSARENA-00025-TEXTURE.PNG.DDS.json",
      "size": 102,
      "date": 132439770555282336
    },
    {
      "path": "scenery/global/scenery/TEXTURE/VELTINSARENA-00026-TEXTURE.PNG.DDS",
      "size": 43832,
      "date": 132439770560909113
    },
    {
      "path": "scenery/global/scenery/TEXTURE/VELTINSARENA-00026-TEXTURE.PNG.DDS.json",
      "size": 102,
      "date": 132439770560889124
    },
    {
      "path": "scenery/global/scenery/TEXTURE/VELTINSARENA-00049-TEXTURE.PNG.DDS",
      "size": 87528,
      "date": 132439770564766908
    },
    {
      "path": "scenery/global/scenery/TEXTURE/VELTINSARENA-00049-TEXTURE.PNG.DDS.json",
      "size": 102,
      "date": 132439770564696947
    },
    {
      "path": "scenery/global/scenery/TEXTURE/VELTINSARENA-00082-TEXTURE.PNG.DDS",
      "size": 87528,
      "date": 132439770575894021
    },
    {
      "path": "scenery/global/scenery/TEXTURE/VELTINSARENA-00082-TEXTURE.PNG.DDS.json",
      "size": 102,
      "date": 132439770575884023
    },
    {
      "path": "scenery/global/scenery/TEXTURE/VELTINSARENA-00084-TEXTURE.PNG.DDS",
      "size": 87528,
      "date": 132439770571628877
    },
    {
      "path": "scenery/global/scenery/TEXTURE/VELTINSARENA-00084-TEXTURE.PNG.DDS.json",
      "size": 102,
      "date": 132439770571608950
    },
    {
      "path": "scenery/global/scenery/TEXTURE/VELTINSARENA-00094-TEXTURE.PNG.DDS",
      "size": 87528,
      "date": 132439770568394825
    },
    {
      "path": "scenery/global/scenery/TEXTURE/VELTINSARENA-00094-TEXTURE.PNG.DDS.json",
      "size": 102,
      "date": 132439770568374843
    },
    {
      "path": "scenery/global/scenery/TEXTURE/VELTINSARENA-00100-TEXTURE.PNG.DDS",
      "size": 87528,
      "date": 132439770558810316
    },
    {
      "path": "scenery/global/scenery/TEXTURE/VELTINSARENA-00100-TEXTURE.PNG.DDS.json",
      "size": 102,
      "date": 132439770558800321
    },
    {
      "path": "scenery/global/scenery/TEXTURE/VELTINSARENA-00102-TEXTURE.PNG.DDS",
      "size": 87528,
      "date": 132439770570528759
    },
    {
      "path": "scenery/global/scenery/TEXTURE/VELTINSARENA-00102-TEXTURE.PNG.DDS.json",
      "size": 102,
      "date": 132439770570518756
    },
    {
      "path": "scenery/global/scenery/TEXTURE/VELTINSARENA-00104-TEXTURE.PNG.DDS",
      "size": 87528,
      "date": 132439770574274121
    },
    {
      "path": "scenery/global/scenery/TEXTURE/VELTINSARENA-00104-TEXTURE.PNG.DDS.json",
      "size": 102,
      "date": 132439770574258982
    },
    {
      "path": "scenery/global/scenery/TEXTURE/VELTINSARENA-00144-TEXTURE.PNG.DDS",
      "size": 87528,
      "date": 132439770565486491
    },
    {
      "path": "scenery/global/scenery/TEXTURE/VELTINSARENA-00144-TEXTURE.PNG.DDS.json",
      "size": 102,
      "date": 132439770565426532
    },
    {
      "path": "scenery/world/scenery/arenaSCN.bgl",
      "size": 156,
      "date": 132440401101453380
    },
    {
      "path": "scenery/world/scenery/ARENASHP.BGL",
      "size": 939,
      "date": 132440401101563311
    }
  ]
}